external_id,client_id,client_name
1,39761a9f-aa28-423a-bd59-499649227e5a,#Unassigned
2,bb0c2a9c-520c-43ba-a03f-32c3f190dffc,Carpenters Workshop Gallery
3,a88f4a08-b965-4782-9a2b-d248e8de10d0,Tiffany
4,6e3ecd71-8807-40de-bdba-b17d1538910b,Doladira
5,b94af637-fcb9-46b2-aa11-0fb0d75db8b3,RK Communications
6,78780923-e55e-46da-bc65-782fbf0c16e0,L'Oreal
7,58823cc0-eca8-4959-8141-4141191cc6d5,Meta
8,68050d1c-6c37-44d1-9801-8d67718de20d,Canyon Ranch
9,25d19a14-e3db-466b-8849-40d6ae3e1ebd,Zwilling
10,479ee90f-10ef-4f0e-ba87-4fea6d72f360,James Beard Foundation
11,80cb4bde-f2b8-4302-adb3-64f11c405436,Dior Beauty
12,a22dfcfe-233c-4cfe-95c1-d45700f1a172,Nike
13,ee9f802c-7102-4c04-8df2-012105416007,Green Top Farms
14,4643d971-200d-4bd5-95e7-c2f8050ab86d,Belmont Park Village
15,c2c0ebbe-3462-48dc-bb74-a95813aff114,Aesop
16,355061d3-204c-4a56-ba97-01388fc8fea6,Dishoom
17,6f95784d-ef38-4316-b4d3-495bfcbd6a46,Masienda
18,8410f909-f1cc-4bff-b73f-0e9760dc7f05,New York Times
19,39761a9f-aa28-423a-bd59-499649227e5a,#Unassigned
20,39761a9f-aa28-423a-bd59-499649227e5a,#Unassigned
21,025ed292-9330-4915-b5bf-930a1cfdcc5d,Chobani
22,2b28f2b7-a64a-44d0-9829-4b11cdaa1da5,Food & Wine
23,e2516b61-2a24-4e6c-9073-927d39e3c288,Human Rights Foundation
24,39761a9f-aa28-423a-bd59-499649227e5a,#Unassigned
25,537cbf6d-266e-4652-a906-892f599b7854,Madewell
26,2cbf11fe-97ea-4898-895f-112f2fc99b3f,Vestiaire
27,39761a9f-aa28-423a-bd59-499649227e5a,#Unassigned
28,2d0ca29b-1014-48d0-83c9-b59e09dbcbcc,Depop
29,da48d3bc-e66d-4912-b3aa-14209497e730,Oatly
30,f89f8105-7f27-4da7-bf6a-8261f35929f1,Artemest
31,ff7c94a4-9909-4c43-81d8-fd1cdd799b40,bhn Wine
32,5296a089-8576-4e23-a7a6-379791abdb98,Theory
33,80cb4bde-f2b8-4302-adb3-64f11c405436,Dior Beauty
34,c0c57995-8151-4228-b21d-f3bb160137b7,ALIGNE
35,b0f1e3c1-147d-4ae7-a7e4-57fd6fb720f6,Anthropologie
36,003efc6d-ac4a-4ef6-987d-cd4cb8dedab1,Damson Madder
37,2b1d3c29-6672-404c-bfd3-e9c2c3fdbec9,Veronica Beard
38,10f0f3ca-e414-4728-a613-c8b3781af515,Paul Coyne
39,a2da2315-4366-4574-a00e-2f95cc0031d8,Resy
40,a2da2315-4366-4574-a00e-2f95cc0031d8,Resy
41,87d9fe46-c0da-4354-873a-25cfe5b36598,Chef's Table
42,4dcb2765-8166-48f4-93ed-76da7eb15adf,Svenkst Tenn
43,a261168a-22fa-4311-810e-8c7d026e328e,Target
44,ac71c61b-f9b5-442c-adef-45c947c42638,Warby Parker
45,3fc4ff85-c7de-4892-af83-eb00e9fb6240,Rolex
46,16fd798e-a025-41aa-a53c-bd8b9c50b8ba,Coterie
47,61505df6-418c-46d7-8efb-49a08f84a2cb,Arc'teryx
48,c11571ce-fcd8-49cf-8a25-389ca57950e4,DWR
49,7237af63-b1b3-4bce-8761-b5d747ed25a0,Bobbie
50,9dbca7bd-7ab2-4629-b492-14f70a57fd3d,Red Bull
51,5296a089-8576-4e23-a7a6-379791abdb98,Theory
52,f65f3e11-3974-4685-80f6-9e60aa91dcee,J.Crew
53,f65f3e11-3974-4685-80f6-9e60aa91dcee,J.Crew
54,f65f3e11-3974-4685-80f6-9e60aa91dcee,J.Crew
55,f65f3e11-3974-4685-80f6-9e60aa91dcee,J.Crew
56,f65f3e11-3974-4685-80f6-9e60aa91dcee,J.Crew
57,f65f3e11-3974-4685-80f6-9e60aa91dcee,J.Crew
58,f65f3e11-3974-4685-80f6-9e60aa91dcee,J.Crew
59,f65f3e11-3974-4685-80f6-9e60aa91dcee,J.Crew
60,96d65691-7465-408a-b3aa-88775dd6d78d,Paperless Post
61,04551a13-337f-4480-ae67-1b5f4ec80713,Frida
62,b176d59d-2c22-4263-a29c-0437a8709ba0,ebay
63,a22dfcfe-233c-4cfe-95c1-d45700f1a172,Nike
64,01f23a3a-7c70-4bcf-aed4-e0d10348af5c,DVF
65,01f23a3a-7c70-4bcf-aed4-e0d10348af5c,DVF
66,ad0bd5c4-5209-43f2-9f8d-99c8fefc9137,BYGB Hospitality Studio
67,25ddc5d2-2a15-43d1-a35b-d14e535297e2,STAUD
68,9cfb2d2c-ad5a-4bc7-9446-a412884c528d,Proskauer Rose
69,6f8fa056-ad9b-4d2d-bbc3-87620617b35c,Equinox
70,34828153-054c-4503-9643-56f88f259263,Villbrygg
71,86796c1a-de69-4a0e-bc57-c6a62beabcd9,Institute of Contemporary Art SF
72,8c7b97b3-798f-41b9-918b-b58c78f30721,Theodora
73,a2da2315-4366-4574-a00e-2f95cc0031d8,Resy
74,a2da2315-4366-4574-a00e-2f95cc0031d8,Resy
75,8826db8f-e373-4edc-a05f-07b441494c37,Wildflower Farms
76,39761a9f-aa28-423a-bd59-499649227e5a,#Unassigned
77,b1d0e740-95c7-47f3-a478-977c93c1c476,L'Alliance
78,a2da2315-4366-4574-a00e-2f95cc0031d8,Resy
79,a2da2315-4366-4574-a00e-2f95cc0031d8,Resy
80,f2040d4c-abe4-4ef9-9316-798d5be1e1ee,House of Creed
81,cafe22b9-713b-4046-ba4e-ce9a74f7284b,Tock
82,a2da2315-4366-4574-a00e-2f95cc0031d8,Resy
83,a2da2315-4366-4574-a00e-2f95cc0031d8,Resy
84,e7a9602e-9987-4cdc-b274-e44072233ede,Brand Love Lab
85,715eac9d-3092-49ba-b8b8-4333281263de,Krewe
86,480d5781-6046-41cc-844a-4af221d81a55,Wrensilva
87,2813d034-8e6a-4518-973c-59b57de62d15,The Velo Group
88,a2da2315-4366-4574-a00e-2f95cc0031d8,Resy
89,a261168a-22fa-4311-810e-8c7d026e328e,Target
90,57b42e54-b357-487c-87ee-57996fad1ad2,Valentino
91,3f174697-75c7-483a-94d5-d384f322b80f,Upside Pizza
92,c1054964-4cc8-484d-8e72-6cfbca43e59f,Rachelle Robinett
93,0d07738b-42f5-4197-b297-763a5054c303,Tishman Speyer
94,b7e224d7-84c7-4809-81c2-fdc77cce77b3,Hilton
95,cfc42f80-b036-43c2-8530-b34fab915c05,Casarré
96,b139cbe1-26cf-4a7c-b50a-b799dc2b7f34,Denniston Hill
97,a2da2315-4366-4574-a00e-2f95cc0031d8,Resy
98,2bfb0f1d-82f1-4ae3-b1ec-e60a22afe241,Away
99,40cb35e0-4bf2-4b50-96c6-4c5a59ed2795,Overstory
100,770ca6a4-632c-4361-9621-03f1dc42de34,MERIT
101,741f0e50-4ef2-44bf-9a9e-30655ecd81b6,MikeTeevee
102,875a6579-1eeb-4c5c-aa1e-93e6d0677a94,Chelsea Simunovich Consulting
103,9fb63be8-1759-49f0-97b4-12c432426905,Versace
104,962c7dc3-2ad3-4fe3-8307-965f7205e598,SheppardMullin
105,39761a9f-aa28-423a-bd59-499649227e5a,#Unassigned
106,d84a6bb0-a7a4-477a-ad69-d03d1304a427,Molteni&C
107,f3fb9bbf-b7dc-4ad3-8cac-8f336e60551f,Banana Republic
108,273ace89-8df5-45e5-9cf2-5cedab2674c4,Years Beer
109,2e28653e-14f3-4b83-8314-05087a176f27,LaMont Digital
110,83f16278-722f-4411-a83d-d9d2f86211de,Nonfiction
111,a22dfcfe-233c-4cfe-95c1-d45700f1a172,Nike
112,04551a13-337f-4480-ae67-1b5f4ec80713,Frida
113,a42f7181-c5ee-4446-886a-36e0bd55b3b1,03 Media
114,c3a109e9-a3ce-48f8-8a1c-a2948832889d,RAW Wine
115,1411dce0-7ab4-49e6-a003-9d907942a8a9,Nestle
116,37886acc-0329-4a09-b5d2-c4e60076e58d,Flirty LLC
117,a22dfcfe-233c-4cfe-95c1-d45700f1a172,Nike
118,7c802145-1a88-4a3a-ad6d-cb129232adf1,A24
119,1b9de564-5481-476c-9314-78b5131677ef,Treetop Journeys
120,a11b5be5-ca5f-45e2-a4b5-77ba58e7b3ba,Marine Layer
121,a11b5be5-ca5f-45e2-a4b5-77ba58e7b3ba,Marine Layer
122,2e07a578-d910-4819-90bd-9fa96a0b7775,Parasol Marketing
123,8410f909-f1cc-4bff-b73f-0e9760dc7f05,New York Times
124,770ca6a4-632c-4361-9621-03f1dc42de34,MERIT
125,770ca6a4-632c-4361-9621-03f1dc42de34,MERIT
126,6b922e74-de67-4e94-bcfe-c29ef78cf5ca,Auberge Collection
127,b490cd20-136e-42c1-bd9f-6d0bf324e017,NICOLEHOLLIS
128,591b7723-bfa4-4cee-8d46-a1f8a89cda7d,Fasano
129,15d0c2d8-0294-466a-8495-a8777b000d33,Kent Hospitality
130,e63bee66-79f2-4503-b3cb-fbafe6fccb9a,Uniqlo
131,46d2b9c4-ce30-436b-8b03-2b5de53fdefb,Roscioli NYC
132,a2da2315-4366-4574-a00e-2f95cc0031d8,Resy
133,68076add-3fa6-44cf-9df6-f95a055df749,Wisy.Ai
134,8410f909-f1cc-4bff-b73f-0e9760dc7f05,New York Times
135,e76542ea-f1ac-49ea-9eb8-1d240e79f33f,Square
136,3a328e05-b211-4944-9f3a-22450324e088,MAD
137,7c802145-1a88-4a3a-ad6d-cb129232adf1,A24
138,8410f909-f1cc-4bff-b73f-0e9760dc7f05,New York Times
139,7c802145-1a88-4a3a-ad6d-cb129232adf1,A24
140,39761a9f-aa28-423a-bd59-499649227e5a,#Unassigned
141,39761a9f-aa28-423a-bd59-499649227e5a,#Unassigned
142,c3be7332-da2f-40d7-8d58-137c1f46acef,Jono Pandolfi
143,a2da2315-4366-4574-a00e-2f95cc0031d8,Resy
144,f65f3e11-3974-4685-80f6-9e60aa91dcee,J.Crew
145,8410f909-f1cc-4bff-b73f-0e9760dc7f05,New York Times
146,16fd798e-a025-41aa-a53c-bd8b9c50b8ba,Coterie
147,61505df6-418c-46d7-8efb-49a08f84a2cb,Arc'teryx
148,b007d48a-31b7-46d5-ae7a-9c0e880e31c6,Mozilla
149,c11571ce-fcd8-49cf-8a25-389ca57950e4,DWR
150,c3be7332-da2f-40d7-8d58-137c1f46acef,Jono Pandolfi
151,65a10a7d-3c9f-4737-9add-b5736f24ed23,Thompson Hotel
152,28210320-8e3b-42dc-85e3-0cfb48e41a4d,Pujol
153,1fea6767-be21-4c67-ad76-81cfe78f7296,Samuel Snider
154,2fa92384-26f4-4201-8822-36fbe68959d8,Hanwha Foundation
155,0d0e87ec-2b2a-4c45-a25b-080980a4a25a,Fifth Avenue Hotel
156,f65f3e11-3974-4685-80f6-9e60aa91dcee,J.Crew
157,19105f18-4d8e-46e8-96b0-b4a34bc1b3f4,Greenwich House
158,948e14c6-2b0a-483d-80aa-ef65808b92c1,Brigaid
159,39761a9f-aa28-423a-bd59-499649227e5a,#Unassigned
160,d34991dc-a978-4e73-8b75-fd7ba8f43f0d,Free People
161,d34991dc-a978-4e73-8b75-fd7ba8f43f0d,Free People
162,f65f3e11-3974-4685-80f6-9e60aa91dcee,J.Crew
163,a059af1b-61fb-4c75-b796-d810ea92c48c,Yann Nury Hospitality Group
164,0d501e4b-7b17-4c79-a9a7-64ccaa0920e4,LVMH
165,6e6163f6-1a46-4b81-b20c-acb820538530,Counter
166,8f917d9f-566f-4c71-8b05-042e445e1b13,Lake Hour
167,c858cb88-5dfc-4143-ad39-a75230ae9341,Happier
168,b03aa76e-cbe3-43bd-a054-78397d463634,YUZUCO
169,a2da2315-4366-4574-a00e-2f95cc0031d8,Resy
170,b16a0406-ae05-4ffa-8d2a-b1f8cdd50793,Urbanspace
171,39761a9f-aa28-423a-bd59-499649227e5a,#Unassigned
172,01616280-05c1-4d61-ae90-eeba503fc7f5,Paramount Club
173,ce0715a3-ed2a-44eb-a751-d51be2f5336f,Peter Do
174,1c1ec7e1-4f98-4c37-8619-60f3bc0c6fde,Casa Cruz
175,bc06a1f3-dd57-47fc-b47d-7baeda890cb8,Miu Miu
176,f65f3e11-3974-4685-80f6-9e60aa91dcee,J.Crew
177,8410f909-f1cc-4bff-b73f-0e9760dc7f05,New York Times
178,7c802145-1a88-4a3a-ad6d-cb129232adf1,A24
179,3a328e05-b211-4944-9f3a-22450324e088,MAD
180,c9467b06-707d-46eb-a47c-46a53e4cac51,Lakehouse Ventures
181,4c847008-b1f5-4197-a24f-850c7882fa8f,AERIN Beauty
182,39761a9f-aa28-423a-bd59-499649227e5a,#Unassigned
183,70e8909e-01f9-41df-a568-5b554b9db1c6,99 Ranch
184,b590298a-166d-4ec0-bed9-c9aa4ed4a263,Lavazza
185,39761a9f-aa28-423a-bd59-499649227e5a,#Unassigned
186,a868c380-2fda-4e11-92ef-ddc24ea2ee82,Brigaid Summit
187,f3fb9bbf-b7dc-4ad3-8cac-8f336e60551f,Banana Republic
188,c11571ce-fcd8-49cf-8a25-389ca57950e4,DWR
189,6da2750d-804a-4835-b2f8-5b78dcd6bd4a,Matter Formula
190,b104363f-862a-43c3-b019-1aced223f251,Aplós
191,88099726-77cf-41d7-810c-80d0e77458fc,Alexander McQueen
192,2e07a578-d910-4819-90bd-9fa96a0b7775,Parasol Marketing
193,82fdfe6e-aacd-4ffd-bdfb-77dd7e131577,Heroes Restaurant
194,c11bc527-d62f-4e20-878c-687d1debe604,Cardenxe Sotol
195,15d13947-8759-470a-ac2f-e2764fc9928c,Vranken-Pommery
196,f65f3e11-3974-4685-80f6-9e60aa91dcee,J.Crew
197,1e9d6bac-fe32-4ae8-b5a9-d6d0fa90950b,Savienne
198,81969987-1301-4e64-beab-4ab15a4d6e1b,Audemar Piguet
199,8410f909-f1cc-4bff-b73f-0e9760dc7f05,New York Times
200,b6c13fbb-8f63-4bf5-be8c-c759d974a636,Charles & Ray Eames Foundation
201,a22dfcfe-233c-4cfe-95c1-d45700f1a172,Nike
202,6318626c-e7c3-47b5-befa-2cef6ba36120,Aritzia
203,ff89fbeb-1000-4cca-8621-8438d6ebf3b3,Graza
204,e63bee66-79f2-4503-b3cb-fbafe6fccb9a,Uniqlo
205,6f8fa056-ad9b-4d2d-bbc3-87620617b35c,Equinox
206,a261168a-22fa-4311-810e-8c7d026e328e,Target
207,28151348-880b-46e3-9c4b-24ac535d615a,Glimpse
208,39761a9f-aa28-423a-bd59-499649227e5a,#Unassigned
209,7237af63-b1b3-4bce-8761-b5d747ed25a0,Bobbie
210,003efc6d-ac4a-4ef6-987d-cd4cb8dedab1,Damson Madder
211,e63bee66-79f2-4503-b3cb-fbafe6fccb9a,Uniqlo
212,a22dfcfe-233c-4cfe-95c1-d45700f1a172,Nike
213,ef433fd0-ffe7-4195-a378-e9093a20d9a2,Wilson Daniels
214,f65f3e11-3974-4685-80f6-9e60aa91dcee,J.Crew
215,57b42e54-b357-487c-87ee-57996fad1ad2,Valentino
216,7bd1da93-ef07-4aac-9c48-984f96b53162,D1A
217,2e1292a2-8a78-469d-a9bd-b081ffeeee10,Heroes Models
218,2b1d3c29-6672-404c-bfd3-e9c2c3fdbec9,Veronica Beard
219,7ffe2bba-f3d4-46e9-a503-a9d408273473,Gucci Osteria
220,7ffe2bba-f3d4-46e9-a503-a9d408273473,Gucci Osteria
221,8e2093e0-0568-4bc8-9945-242ddeac1e90,August Hospitality Group
222,0e6f8404-ec35-4b7f-b2b2-4899e1347c51,Homecourt
223,2cbf11fe-97ea-4898-895f-112f2fc99b3f,Vestiaire
224,8dfec315-9d9c-48bf-8a75-4237f01bcb41,Soft Services
225,d31d2358-cdfa-426d-b3bb-f3435ba67d6f,Margaux
226,09e0f6f0-d835-4c3e-8bfa-7e671864752d,Dion
227,638e44e2-bb93-48e8-a68b-c22016a403eb,DEY
228,a5e728a0-5e27-4742-80d5-83ce7d44c815,Stuzzi
229,139a81ea-f2f6-4a63-bc9e-a34bc6fd1eb3,Kamma Hospitality
230,861a3097-164d-4963-91f6-95ad593e0eb0,Terramadre Homes
231,3865e80c-d6fe-4699-ab6d-4f4c31b72454,The EDITION
232,0d101d48-56ff-4602-b329-5aa54af0771b,Milbank
233,5edfffef-46db-4406-9080-012efc9002fc,Sant Ambroeus
234,ab3d85aa-a394-4bae-8242-a820cc4f402a,Puiforcat
235,fe9d74ef-458a-4a63-b1fb-44b3db1e56a7,Champagne Pommery
236,aa979ea0-d649-4a02-9f09-eee7b46c15f3,Airbnb
237,0df18f69-339d-4183-8a51-e8844440f25f,UTA
238,b6902823-f4c9-43f2-bcc0-954e81385826,Good Works
239,61505df6-418c-46d7-8efb-49a08f84a2cb,Arc'teryx
240,7eb60e06-21ac-42d4-b905-7a21fd73b89e,H&M
241,8410f909-f1cc-4bff-b73f-0e9760dc7f05,New York Times
242,41d8ec50-e01d-46e7-bf25-c448d843a30a,APC
243,83291b1d-111a-415b-ae49-ca42b6555c6a,USHG
244,8b7d7199-0e94-4bd4-9d31-edae97d79841,Woodbine
245,14c5a766-6702-4be9-a227-26f2feb44641,Friend of Chef
246,6870c163-332b-4aa3-9905-a466e6e48bef,Air Inc
247,6b37ede5-44b8-4eee-9ddc-763cb55308ec,Hanwha
248,eed46d0d-9e45-4c65-ad4c-2528db8a77e3,Goldbelly
249,0d07738b-42f5-4197-b297-763a5054c303,Tishman Speyer
250,025ed292-9330-4915-b5bf-930a1cfdcc5d,Chobani
251,59b05f08-f775-4fe0-b0d1-e9ee939cb88f,Loro Piana
252,134e3a11-9489-4ef1-8aa0-9538fa888995,Johnnie Walker
253,0699ee9b-2b32-468f-8dc1-ef3bd5626947,hanni
254,bdc06807-0482-4721-b124-822c2a72cff6,Mad Duchess
255,9f03cac6-fe4d-4ede-bd55-b98c79fa3438,Sweetgreen
256,8410f909-f1cc-4bff-b73f-0e9760dc7f05,New York Times
257,eac954fb-8e4e-44d0-8cfe-a0e2ca704c16,Arcade
258,4dcb2765-8166-48f4-93ed-76da7eb15adf,Svenkst Tenn
259,5bb71f65-863b-4cc1-a62b-ca1da35d95dd,DayDream
260,82762a91-e7e7-487e-81ef-7935c56f84dd,W Hotels
261,3eea2367-48a7-49fa-a432-61324f9e6f01,Etsy
262,d5c52455-5cff-4756-b134-db16dada98ba,ILIA
263,90d832a3-2327-41d0-ac1b-1f7b13810425,Carpenter Hotels
264,4d658ccb-b9e6-4d1c-95ed-ed320a4b83f6,Staub
265,d1e72c9d-0604-4242-95fe-3adb87faccd2,Hospitality Farm
266,da7a5ba6-2c5f-4c76-a174-2479c7ec7ef8,Alexander Wang
267,49075d8d-dfa2-4231-8af4-693e85559920,Blank Street Coffee
268,39761a9f-aa28-423a-bd59-499649227e5a,#Unassigned
269,3a328e05-b211-4944-9f3a-22450324e088,MAD
270,5296a089-8576-4e23-a7a6-379791abdb98,Theory
271,eac954fb-8e4e-44d0-8cfe-a0e2ca704c16,Arcade
272,8e5d5915-6bff-4f60-868d-ba4755fbe33b,Goldilocks
273,80230e2f-9717-4b7a-8fd0-eed5c7047a5b,Westman Atelier
274,26890cfd-3211-4e3f-a01b-9f1d29f4d20a,Bottega Veneta
275,f07864b6-eb18-45dd-8d29-9106bd7416c3,Colette
276,aa979ea0-d649-4a02-9f09-eee7b46c15f3,Airbnb
277,3fbd40dc-81b4-4785-9d8b-911ad2111d3b,Oddbird
278,fad3d95a-3ee9-4e44-bcd6-80e9de3937f5,Maker's Mark
279,7c8ba0d7-934d-4ce8-9b27-06f7df133c98,Tik Tok
280,453e1fa7-a177-480f-8d52-be615dde3dbc,Cybex
281,2b6afc67-7995-4c9c-b112-b2fda9f11805,Punch
282,df3b3a5a-84de-47b6-92b7-4314973d883d,Vibe
283,c0c57995-8151-4228-b21d-f3bb160137b7,ALIGNE
284,281b3772-9d44-405f-8320-3e0273a5ee30,Heroes Management
285,6d93ef65-e601-4a43-9a3d-633946a60ef2,Balmuda
286,6418ad8b-8020-42b1-96e4-6e65990a63e8,JS Foundation
287,96f815ad-25e2-4d6c-b793-e521a794e5f5,Lighthouse
288,e7fc28e0-7025-4540-b271-a7783bcdbd55,M.M.LaFleur
289,7c802145-1a88-4a3a-ad6d-cb129232adf1,A24
290,fc2abe84-d3c6-464f-b0f1-d323d3b80afa,Mother
291,243b0289-5fd2-436b-aee2-d4075c2fbad6,Cartier
292,6124b56c-c127-457f-a3e4-e441605ebccd,Clqssique
293,791c571b-3228-486a-b701-d48413606e42,Cooper Hewitt
294,b3290e89-f825-43d2-ae78-16b269bf842a,Jewish Food Society
295,9dd7c3b8-df99-4bca-a7c7-b0a382a8947c,YPO
296,96f815ad-25e2-4d6c-b793-e521a794e5f5,Lighthouse
297,9194f9c7-2604-48d8-8bde-324362ba86ef,CHASA
298,ac71c61b-f9b5-442c-adef-45c947c42638,Warby Parker
299,8410f909-f1cc-4bff-b73f-0e9760dc7f05,New York Times
300,33dfc01e-0da9-4518-8ad4-140ace868650,CookUnity
301,573ca2f6-fcc0-4e54-8ff9-adbfcc8b8500,Printemps
302,e63bee66-79f2-4503-b3cb-fbafe6fccb9a,Uniqlo
303,8410f909-f1cc-4bff-b73f-0e9760dc7f05,New York Times
304,61505df6-418c-46d7-8efb-49a08f84a2cb,Arc'teryx
305,c0c57995-8151-4228-b21d-f3bb160137b7,ALIGNE
306,2813d034-8e6a-4518-973c-59b57de62d15,The Velo Group
307,fa3e34cd-f37b-4549-aea5-8e144dfc7e3b,Parea
308,f52ea525-dae3-4538-821e-e2f0805fb443,Casamata
309,848cf429-c575-4956-befe-939bff06cad2,Bottega Venetta
310,2c9c4a8b-99c9-4e70-abed-78e713800875,Brunello Cucinelli
311,ac71c61b-f9b5-442c-adef-45c947c42638,Warby Parker
312,7c8ba0d7-934d-4ce8-9b27-06f7df133c98,Tik Tok
313,10ae750f-f84b-489a-bdfc-cd2268890f18,T Mag
314,8a6511e4-17db-42f9-88f1-454007390f6d,Aether Apparel
315,026d4cad-812f-45cc-bd61-79756946f2f7,Boden
316,49075d8d-dfa2-4231-8af4-693e85559920,Blank Street Coffee
317,92d875ec-2f74-4bbb-be49-dbcd3507e595,Paradero Todos Santos
318,7c802145-1a88-4a3a-ad6d-cb129232adf1,A24
319,dc36c764-174d-4c38-b2de-7aac464a68f6,Grand Seiko
320,a2fe4ce0-2d95-4ca4-8735-c939b4346806,The North Face
321,e31d93fb-52fc-4996-a38e-a4c97bb3abb9,Sakara Life
322,59b9f9b4-4b1b-4391-8ddd-010bb505b8e4,Loisa
323,9ebe7514-db5e-4456-801f-c78f62a043f2,Todd Snyder
324,9396f0d4-9f3e-4094-b054-d9ab1bd11973,Gozney
325,823aba21-f39b-43cc-a081-41b807c9c4a3,Tory Burch
326,3c7b7018-2af0-4a10-95e4-9975bc83ca14,Doré
327,9dd9e065-0644-4891-b002-fbef5245fbb7,Hypebeast
328,3e887ca3-5c51-4aab-a7fe-3c957c8fee2c,MillerKnoll
329,39761a9f-aa28-423a-bd59-499649227e5a,#Unassigned
330,d2f72711-f86e-4d63-a576-580b3f2ac4e3,WhatsApp
331,69de3450-1ffa-4437-b01d-a1782fc2c571,Eataly
332,7cc85870-5ab6-426f-b1ce-c4a7dc59ac75,Expedia Group
333,7d80c43d-4945-4e24-990b-48d2ae3cca39,Racquet
334,39761a9f-aa28-423a-bd59-499649227e5a,#Unassigned
335,d0bad6c8-1135-4c3f-895b-e972f88f9466,Shine Capital
336,39761a9f-aa28-423a-bd59-499649227e5a,#Unassigned
337,2bfb0f1d-82f1-4ae3-b1ec-e60a22afe241,Away
338,39761a9f-aa28-423a-bd59-499649227e5a,#Unassigned
339,b7826805-cc71-40f6-80f9-126cc53ce315,goop
340,5885339c-b6e0-482b-9815-8e00e4c308b5,Andrew Zuckerman Studio
341,57b42e54-b357-487c-87ee-57996fad1ad2,Valentino
342,082f8145-47b6-43d1-9a6d-3f88e6290fa4,Public Records
343,a2da2315-4366-4574-a00e-2f95cc0031d8,Resy
344,a22dfcfe-233c-4cfe-95c1-d45700f1a172,Nike
345,f65f3e11-3974-4685-80f6-9e60aa91dcee,J.Crew
346,55ef64c1-a9f9-4298-ba7e-72299b92f665,Mayfair Grill
347,39761a9f-aa28-423a-bd59-499649227e5a,#Unassigned
348,cd7b1607-8d58-4657-8376-037634b99218,Generator Hostels
349,ab20d7f2-f515-4268-a6d1-6436fc897af7,World of Reza
350,7a47651d-b0ad-4b90-9bb2-34acacaef082,Good Boy Wine
351,dddfa8bc-04fb-4b63-a158-d8eb5995d91b,Möet Hennessy
352,ae5ab2f0-4003-4e87-90c3-eb50a61979f9,Fishwife
353,05773d2b-9a42-4fe8-aee8-9df4808b3c32,STRATA
354,a2da2315-4366-4574-a00e-2f95cc0031d8,Resy
355,c947cc0c-1181-4b7d-873a-cde88691388c,Stoffa
356,3f174697-75c7-483a-94d5-d384f322b80f,Upside Pizza
357,18be9280-ed80-4a5d-8565-a5059236a5c2,Coach
358,a2919f86-2cc2-44af-b8c3-425dbb141886,Salt & Stone
359,b426c55d-2039-49d5-90b1-775ff432aaa8,Edible LA
360,46a164ad-a341-443f-a724-7239dbfb60f5,Ghia
361,05b06054-fe71-43d4-83da-4b4403546526,Oyster Sunday
362,a42f9500-a184-40a1-aeb2-8407a8defa9c,OCA (Original Creative Agency)
363,f008eef7-a6e9-4f71-89b7-2ceab12caa26,East Fork Pottery
364,8c08997f-4bc7-4d32-9a3c-ef4cd2ed9214,Westbourne
365,fe9d74ef-458a-4a63-b1fb-44b3db1e56a7,Champagne Pommery
366,dcc049fb-74f5-494c-ac4f-0b2fdb99d6f7,JJ Johnson
367,321fa60d-46fd-4613-8924-acb0596c04b9,Anheuser-Busch
368,d49f8331-0cd6-4279-9217-f4039ea2cff1,Michelob Ultra
369,f65f3e11-3974-4685-80f6-9e60aa91dcee,J.Crew
370,39761a9f-aa28-423a-bd59-499649227e5a,#Unassigned
371,27e9962d-881c-4774-a73a-9b3542e5018b,Plaza Hotel
372,ae9725a4-fb71-4349-a22b-c259a0bf6f97,Rummo Pasta
373,87d9fe46-c0da-4354-873a-25cfe5b36598,Chef's Table
374,afc880c7-b73e-4000-ae71-0e9f4aecede2,Crate & Barrel
375,b7826805-cc71-40f6-80f9-126cc53ce315,goop
376,d78e3c5b-e581-4d81-936b-6ba9ce899d40,Chez Margaux
377,40f67a2a-61e0-4164-b2f1-e39515facaed,Avondale Equities
378,15950db8-c930-4b12-8e52-d7b0552c37f7,EDITION
379,9dbca7bd-7ab2-4629-b492-14f70a57fd3d,Red Bull
380,38e7847a-62ba-4b87-943f-6d4fe100407d,Enzo Baracco
381,3eea2367-48a7-49fa-a432-61324f9e6f01,Etsy
382,7c802145-1a88-4a3a-ad6d-cb129232adf1,A24
383,9b5f482f-32d1-484a-934c-da6836fe0bc0,Feed Me
384,7196f9a3-5aea-4918-8cbf-43944d9e222f,Snapchat
385,dddfa8bc-04fb-4b63-a158-d8eb5995d91b,Möet Hennessy
386,8cf393db-d8db-4cb5-bb20-73ed7274c180,Momofuku
387,7c802145-1a88-4a3a-ad6d-cb129232adf1,A24
388,6d93ef65-e601-4a43-9a3d-633946a60ef2,Balmuda
389,770ca6a4-632c-4361-9621-03f1dc42de34,MERIT
390,34828153-054c-4503-9643-56f88f259263,Villbrygg
391,c3be7332-da2f-40d7-8d58-137c1f46acef,Jono Pandolfi
392,ade39550-aabb-43c1-89c6-5b2e0abbea75,The Twenty Two
393,8410f909-f1cc-4bff-b73f-0e9760dc7f05,New York Times
394,6e3ecd71-8807-40de-bdba-b17d1538910b,Doladira
395,c858cb88-5dfc-4143-ad39-a75230ae9341,Happier
396,40812cff-d0a2-4d32-8721-5698569207cb,Vitra
397,f65f3e11-3974-4685-80f6-9e60aa91dcee,J.Crew
398,7072927b-8091-44bd-9272-1484d9d4ca0a,12 Matcha
399,6a3a48da-cbaf-4376-bf8a-e7c15f3f8f27,Proper Hotel Group
400,39761a9f-aa28-423a-bd59-499649227e5a,#Unassigned
401,39761a9f-aa28-423a-bd59-499649227e5a,#Unassigned
402,39761a9f-aa28-423a-bd59-499649227e5a,#Unassigned
403,39761a9f-aa28-423a-bd59-499649227e5a,#Unassigned
404,537cbf6d-266e-4652-a906-892f599b7854,Madewell
405,f65f3e11-3974-4685-80f6-9e60aa91dcee,J.Crew
406,6318626c-e7c3-47b5-befa-2cef6ba36120,Aritzia
407,f65f3e11-3974-4685-80f6-9e60aa91dcee,J.Crew
408,3e887ca3-5c51-4aab-a7fe-3c957c8fee2c,MillerKnoll
409,d7340033-3a69-4759-90e3-577663354d20,Gagosian
410,39761a9f-aa28-423a-bd59-499649227e5a,#Unassigned
411,9dbca7bd-7ab2-4629-b492-14f70a57fd3d,Red Bull
412,a2da2315-4366-4574-a00e-2f95cc0031d8,Resy
413,f65f3e11-3974-4685-80f6-9e60aa91dcee,J.Crew
414,8410f909-f1cc-4bff-b73f-0e9760dc7f05,New York Times
415,8410f909-f1cc-4bff-b73f-0e9760dc7f05,New York Times
416,39761a9f-aa28-423a-bd59-499649227e5a,#Unassigned
417,2bfb0f1d-82f1-4ae3-b1ec-e60a22afe241,Away
418,2bfb0f1d-82f1-4ae3-b1ec-e60a22afe241,Away
419,416bad37-3cf5-46b5-b10f-20a566c330be,Blackbird
420,5296a089-8576-4e23-a7a6-379791abdb98,Theory
421,5296a089-8576-4e23-a7a6-379791abdb98,Theory
422,6318626c-e7c3-47b5-befa-2cef6ba36120,Aritzia
423,6318626c-e7c3-47b5-befa-2cef6ba36120,Aritzia
424,7c802145-1a88-4a3a-ad6d-cb129232adf1,A24
425,01f23a3a-7c70-4bcf-aed4-e0d10348af5c,DVF
426,a2da2315-4366-4574-a00e-2f95cc0031d8,Resy
427,a2da2315-4366-4574-a00e-2f95cc0031d8,Resy
428,a2da2315-4366-4574-a00e-2f95cc0031d8,Resy
429,fe4887be-143c-4353-8fb0-f52cdaec7774,Resy/ Unapologetic Foods
430,6c5b192e-ea87-4389-a3a3-891d46495b84,Boutique
431,d44bd601-2061-485f-8061-20fc9baad571,Black Seed Bagels
432,c3be7332-da2f-40d7-8d58-137c1f46acef,Jono Pandolfi
433,8410f909-f1cc-4bff-b73f-0e9760dc7f05,New York Times
434,9f03cac6-fe4d-4ede-bd55-b98c79fa3438,Sweetgreen
435,f65f3e11-3974-4685-80f6-9e60aa91dcee,J.Crew
436,f65f3e11-3974-4685-80f6-9e60aa91dcee,J.Crew
437,39761a9f-aa28-423a-bd59-499649227e5a,#Unassigned
438,f65f3e11-3974-4685-80f6-9e60aa91dcee,J.Crew
439,f65f3e11-3974-4685-80f6-9e60aa91dcee,J.Crew
440,ac71c61b-f9b5-442c-adef-45c947c42638,Warby Parker
441,f65f3e11-3974-4685-80f6-9e60aa91dcee,J.Crew
442,a2da2315-4366-4574-a00e-2f95cc0031d8,Resy
443,70d7693b-e540-4c7f-b7e2-3706d51c687d,Audi
444,067818e4-59bb-4ddd-8e54-660bfa2ea8a9,Westholme
445,537cbf6d-266e-4652-a906-892f599b7854,Madewell
446,537cbf6d-266e-4652-a906-892f599b7854,Madewell
447,537cbf6d-266e-4652-a906-892f599b7854,Madewell
448,537cbf6d-266e-4652-a906-892f599b7854,Madewell
449,537cbf6d-266e-4652-a906-892f599b7854,Madewell
450,3b6b7291-394d-4857-827b-1430b5acf623,Aruba Tourism Authority
451,8410f909-f1cc-4bff-b73f-0e9760dc7f05,New York Times
452,8410f909-f1cc-4bff-b73f-0e9760dc7f05,New York Times
453,a2da2315-4366-4574-a00e-2f95cc0031d8,Resy
454,a2da2315-4366-4574-a00e-2f95cc0031d8,Resy
455,a2da2315-4366-4574-a00e-2f95cc0031d8,Resy
456,a2da2315-4366-4574-a00e-2f95cc0031d8,Resy
457,4643d971-200d-4bd5-95e7-c2f8050ab86d,Belmont Park Village
458,f65f3e11-3974-4685-80f6-9e60aa91dcee,J.Crew
459,f65f3e11-3974-4685-80f6-9e60aa91dcee,J.Crew
460,782c04a2-1687-490b-960e-79ee810c9b74,U.S. Surgeon General
461,234e8768-2132-4390-9752-b4b3da85d8cf,The Bear
462,61505df6-418c-46d7-8efb-49a08f84a2cb,Arc'teryx
463,d3d0ece3-3183-4635-ad5d-140bc557264d,Courrèges
464,416bad37-3cf5-46b5-b10f-20a566c330be,Blackbird
465,7499ac78-d7c3-47c9-b238-fc671f2bf7af,Russian Tea Room
466,39761a9f-aa28-423a-bd59-499649227e5a,#Unassigned
467,7c802145-1a88-4a3a-ad6d-cb129232adf1,A24
468,7c802145-1a88-4a3a-ad6d-cb129232adf1,A24
469,a2da2315-4366-4574-a00e-2f95cc0031d8,Resy
470,d34991dc-a978-4e73-8b75-fd7ba8f43f0d,Free People
471,b0f1e3c1-147d-4ae7-a7e4-57fd6fb720f6,Anthropologie
472,dcc049fb-74f5-494c-ac4f-0b2fdb99d6f7,JJ Johnson
473,cafe22b9-713b-4046-ba4e-ce9a74f7284b,Tock
474,9f03cac6-fe4d-4ede-bd55-b98c79fa3438,Sweetgreen
475,9f03cac6-fe4d-4ede-bd55-b98c79fa3438,Sweetgreen
476,d2f72711-f86e-4d63-a576-580b3f2ac4e3,WhatsApp
477,a2da2315-4366-4574-a00e-2f95cc0031d8,Resy
478,537cbf6d-266e-4652-a906-892f599b7854,Madewell
479,3e887ca3-5c51-4aab-a7fe-3c957c8fee2c,MillerKnoll
